linea;pagina;referencia;descripcion;cantidad;unidad;ubicacion;bodega;origen
1;1;2395013;C. AL S8000 LSHF # 1/0 AWG 90°C 600V CT NEGRO C2000;89;M;D10707;PARQUE INDUSTRIAL;PDF convertido a CSV V205
2;1;2395013;C. AL S8000 LSHF # 1/0 AWG 90°C 600V CT NEGRO C2000;89;M;D10707;PARQUE INDUSTRIAL;PDF convertido a CSV V205
3;1;2395013;C. AL S8000 LSHF # 1/0 AWG 90°C 600V CT NEGRO C2000;89;M;D10707;PARQUE INDUSTRIAL;PDF convertido a CSV V205
4;1;2395013;C. AL S8000 LSHF # 1/0 AWG 90°C 600V CT NEGRO C2000;89;M;D10707;PARQUE INDUSTRIAL;PDF convertido a CSV V205
5;1;2395013;C. AL S8000 LSHF # 1/0 AWG 90°C 600V CT NEGRO C2000;85;M;D10707;PARQUE INDUSTRIAL;PDF convertido a CSV V205
6;1;2395013;C. AL S8000 LSHF # 1/0 AWG 90°C 600V CT NEGRO C2000;85;M;D10707;PARQUE INDUSTRIAL;PDF convertido a CSV V205
7;1;2395013;C. AL S8000 LSHF # 1/0 AWG 90°C 600V CT NEGRO C2000;85;M;D10707;PARQUE INDUSTRIAL;PDF convertido a CSV V205
8;1;2395013;C. AL S8000 LSHF # 1/0 AWG 90°C 600V CT NEGRO C2000;85;M;D10707;PARQUE INDUSTRIAL;PDF convertido a CSV V205
9;1;2395013;C. AL S8000 LSHF # 1/0 AWG 90°C 600V CT NEGRO C2000;84;M;D10707;PARQUE INDUSTRIAL;PDF convertido a CSV V205
10;1;2395013;C. AL S8000 LSHF # 1/0 AWG 90°C 600V CT NEGRO C2000;84;M;D10707;PARQUE INDUSTRIAL;PDF convertido a CSV V205
11;1;2395013;C. AL S8000 LSHF # 1/0 AWG 90°C 600V CT NEGRO C2000;84;M;D10707;PARQUE INDUSTRIAL;PDF convertido a CSV V205
12;1;2395013;C. AL S8000 LSHF # 1/0 AWG 90°C 600V CT NEGRO C2000;84;M;D10707;PARQUE INDUSTRIAL;PDF convertido a CSV V205
13;1;2395013;C. AL S8000 LSHF # 1/0 AWG 90°C 600V CT NEGRO C2000;80;M;D10707;PARQUE INDUSTRIAL;PDF convertido a CSV V205
14;1;2395013;C. AL S8000 LSHF # 1/0 AWG 90°C 600V CT NEGRO C2000;80;M;D10707;PARQUE INDUSTRIAL;PDF convertido a CSV V205
15;1;2395013;C. AL S8000 LSHF # 1/0 AWG 90°C 600V CT NEGRO C2000;80;M;D10707;PARQUE INDUSTRIAL;PDF convertido a CSV V205
16;2;2395013;C. AL S8000 LSHF # 1/0 AWG 90°C 600V CT NEGRO C2000;80;M;D10707;PARQUE INDUSTRIAL;PDF convertido a CSV V205
17;2;2395013;C. AL S8000 LSHF # 1/0 AWG 90°C 600V CT NEGRO C2000;76;M;D10707;PARQUE INDUSTRIAL;PDF convertido a CSV V205
18;2;2395013;C. AL S8000 LSHF # 1/0 AWG 90°C 600V CT NEGRO C2000;76;M;D10707;PARQUE INDUSTRIAL;PDF convertido a CSV V205
19;2;2395013;C. AL S8000 LSHF # 1/0 AWG 90°C 600V CT NEGRO C2000;76;M;D10707;PARQUE INDUSTRIAL;PDF convertido a CSV V205
20;2;2395013;C. AL S8000 LSHF # 1/0 AWG 90°C 600V CT NEGRO C2000;76;M;D10707;PARQUE INDUSTRIAL;PDF convertido a CSV V205
21;2;2395013;C. AL S8000 LSHF # 1/0 AWG 90°C 600V CT NEGRO C2000;69;M;D10707;PARQUE INDUSTRIAL;PDF convertido a CSV V205
22;2;2395013;C. AL S8000 LSHF # 1/0 AWG 90°C 600V CT NEGRO C2000;69;M;D10707;PARQUE INDUSTRIAL;PDF convertido a CSV V205
23;2;2395013;C. AL S8000 LSHF # 1/0 AWG 90°C 600V CT NEGRO C2000;69;M;D10707;PARQUE INDUSTRIAL;PDF convertido a CSV V205
24;2;2395013;C. AL S8000 LSHF # 1/0 AWG 90°C 600V CT NEGRO C2000;69;M;D10707;PARQUE INDUSTRIAL;PDF convertido a CSV V205
25;2;2395013;C. AL S8000 LSHF # 1/0 AWG 90°C 600V CT NEGRO C2000;65;M;D10707;PARQUE INDUSTRIAL;PDF convertido a CSV V205
26;2;2395012;C. AL S8000 LSHF # 2 AWG 90°C 600V CT NEGRO C1000;47;M;D20108;PARQUE INDUSTRIAL;PDF convertido a CSV V205
27;2;2395012;C. AL S8000 LSHF # 2 AWG 90°C 600V CT NEGRO C1000;47;M;D20108;PARQUE INDUSTRIAL;PDF convertido a CSV V205
28;2;2395012;C. AL S8000 LSHF # 2 AWG 90°C 600V CT NEGRO C1000;47;M;D20108;PARQUE INDUSTRIAL;PDF convertido a CSV V205
29;2;2395012;C. AL S8000 LSHF # 2 AWG 90°C 600V CT NEGRO C1000;47;M;D20108;PARQUE INDUSTRIAL;PDF convertido a CSV V205
30;2;2395012;C. AL S8000 LSHF # 2 AWG 90°C 600V CT NEGRO C1000;51;M;D20108;PARQUE INDUSTRIAL;PDF convertido a CSV V205
31;3;2395012;C. AL S8000 LSHF # 2 AWG 90°C 600V CT NEGRO C1000;51;M;D20108;PARQUE INDUSTRIAL;PDF convertido a CSV V205
32;3;2395012;C. AL S8000 LSHF # 2 AWG 90°C 600V CT NEGRO C1000;51;M;D20108;PARQUE INDUSTRIAL;PDF convertido a CSV V205
33;3;2395012;C. AL S8000 LSHF # 2 AWG 90°C 600V CT NEGRO C1000;51;M;D20108;PARQUE INDUSTRIAL;PDF convertido a CSV V205
34;3;2395012;C. AL S8000 LSHF # 2 AWG 90°C 600V CT NEGRO C1000;51;M;D20108;PARQUE INDUSTRIAL;PDF convertido a CSV V205
35;3;2395012;C. AL S8000 LSHF # 2 AWG 90°C 600V CT NEGRO C1000;51;M;D20108;PARQUE INDUSTRIAL;PDF convertido a CSV V205
36;3;2395012;C. AL S8000 LSHF # 2 AWG 90°C 600V CT NEGRO C1000;51;M;D20108;PARQUE INDUSTRIAL;PDF convertido a CSV V205
37;3;2395012;C. AL S8000 LSHF # 2 AWG 90°C 600V CT NEGRO C1000;51;M;D20108;PARQUE INDUSTRIAL;PDF convertido a CSV V205
38;3;2395012;C. AL S8000 LSHF # 2 AWG 90°C 600V CT NEGRO C1000;55;M;D20108;PARQUE INDUSTRIAL;PDF convertido a CSV V205
39;3;2395012;C. AL S8000 LSHF # 2 AWG 90°C 600V CT NEGRO C1000;55;M;D20108;PARQUE INDUSTRIAL;PDF convertido a CSV V205
40;3;2395012;C. AL S8000 LSHF # 2 AWG 90°C 600V CT NEGRO C1000;55;M;D20108;PARQUE INDUSTRIAL;PDF convertido a CSV V205
41;3;2395012;C. AL S8000 LSHF # 2 AWG 90°C 600V CT NEGRO C1000;55;M;D20108;PARQUE INDUSTRIAL;PDF convertido a CSV V205
42;3;2395012;C. AL S8000 LSHF # 2 AWG 90°C 600V CT NEGRO C1000;55;M;D20108;PARQUE INDUSTRIAL;PDF convertido a CSV V205
43;3;2395012;C. AL S8000 LSHF # 2 AWG 90°C 600V CT NEGRO C1000;55;M;D20108;PARQUE INDUSTRIAL;PDF convertido a CSV V205
44;3;2395012;C. AL S8000 LSHF # 2 AWG 90°C 600V CT NEGRO C1000;55;M;D20108;PARQUE INDUSTRIAL;PDF convertido a CSV V205
45;3;2395012;C. AL S8000 LSHF # 2 AWG 90°C 600V CT NEGRO C1000;55;M;D20108;PARQUE INDUSTRIAL;PDF convertido a CSV V205
46;4;2395012;C. AL S8000 LSHF # 2 AWG 90°C 600V CT NEGRO C1000;59;M;D20108;PARQUE INDUSTRIAL;PDF convertido a CSV V205
47;4;2395012;C. AL S8000 LSHF # 2 AWG 90°C 600V CT NEGRO C1000;59;M;D20108;PARQUE INDUSTRIAL;PDF convertido a CSV V205
48;4;2395012;C. AL S8000 LSHF # 2 AWG 90°C 600V CT NEGRO C1000;59;M;D20108;PARQUE INDUSTRIAL;PDF convertido a CSV V205
49;4;2395012;C. AL S8000 LSHF # 2 AWG 90°C 600V CT NEGRO C1000;59;M;D20108;PARQUE INDUSTRIAL;PDF convertido a CSV V205
50;4;2395012;C. AL S8000 LSHF # 2 AWG 90°C 600V CT NEGRO C1000;58;M;D20108;PARQUE INDUSTRIAL;PDF convertido a CSV V205
51;4;2395012;C. AL S8000 LSHF # 2 AWG 90°C 600V CT NEGRO C1000;58;M;D20108;PARQUE INDUSTRIAL;PDF convertido a CSV V205
52;4;2395012;C. AL S8000 LSHF # 2 AWG 90°C 600V CT NEGRO C1000;58;M;D20108;PARQUE INDUSTRIAL;PDF convertido a CSV V205
53;4;2395012;C. AL S8000 LSHF # 2 AWG 90°C 600V CT NEGRO C1000;58;M;D20108;PARQUE INDUSTRIAL;PDF convertido a CSV V205
54;4;2395012;C. AL S8000 LSHF # 2 AWG 90°C 600V CT NEGRO C1000;62;M;D20108;PARQUE INDUSTRIAL;PDF convertido a CSV V205
55;4;2395012;C. AL S8000 LSHF # 2 AWG 90°C 600V CT NEGRO C1000;62;M;D20108;PARQUE INDUSTRIAL;PDF convertido a CSV V205
56;4;2395012;C. AL S8000 LSHF # 2 AWG 90°C 600V CT NEGRO C1000;62;M;D20108;PARQUE INDUSTRIAL;PDF convertido a CSV V205
57;4;2395012;C. AL S8000 LSHF # 2 AWG 90°C 600V CT NEGRO C1000;62;M;D20108;PARQUE INDUSTRIAL;PDF convertido a CSV V205
58;4;2395012;C. AL S8000 LSHF # 2 AWG 90°C 600V CT NEGRO C1000;62;M;D20108;PARQUE INDUSTRIAL;PDF convertido a CSV V205
59;4;2395012;C. AL S8000 LSHF # 2 AWG 90°C 600V CT NEGRO C1000;62;M;D20108;PARQUE INDUSTRIAL;PDF convertido a CSV V205
60;4;2395012;C. AL S8000 LSHF # 2 AWG 90°C 600V CT NEGRO C1000;62;M;D20108;PARQUE INDUSTRIAL;PDF convertido a CSV V205
61;5;2395012;C. AL S8000 LSHF # 2 AWG 90°C 600V CT NEGRO C1000;62;M;D20108;PARQUE INDUSTRIAL;PDF convertido a CSV V205
62;5;2395012;C. AL S8000 LSHF # 2 AWG 90°C 600V CT NEGRO C2000;66;M;D10707;PARQUE INDUSTRIAL;PDF convertido a CSV V205
63;5;2395012;C. AL S8000 LSHF # 2 AWG 90°C 600V CT NEGRO C2000;66;M;D10707;PARQUE INDUSTRIAL;PDF convertido a CSV V205
64;5;2395012;C. AL S8000 LSHF # 2 AWG 90°C 600V CT NEGRO C2000;66;M;D10707;PARQUE INDUSTRIAL;PDF convertido a CSV V205
65;5;2395012;C. AL S8000 LSHF # 2 AWG 90°C 600V CT NEGRO C2000;66;M;D10707;PARQUE INDUSTRIAL;PDF convertido a CSV V205
66;5;2395012;C. AL S8000 LSHF # 2 AWG 90°C 600V CT NEGRO C2000;65;M;D10707;PARQUE INDUSTRIAL;PDF convertido a CSV V205
67;5;2395012;C. AL S8000 LSHF # 2 AWG 90°C 600V CT NEGRO C2000;69;M;D10707;PARQUE INDUSTRIAL;PDF convertido a CSV V205
68;5;2395012;C. AL S8000 LSHF # 2 AWG 90°C 600V CT NEGRO C2000;76;M;D10707;PARQUE INDUSTRIAL;PDF convertido a CSV V205
69;5;2395012;C. AL S8000 LSHF # 2 AWG 90°C 600V CT NEGRO C2000;80;M;D10707;PARQUE INDUSTRIAL;PDF convertido a CSV V205
70;5;2395012;C. AL S8000 LSHF # 2 AWG 90°C 600V CT NEGRO C2000;84;M;D10707;PARQUE INDUSTRIAL;PDF convertido a CSV V205
71;5;2395012;C. AL S8000 LSHF # 2 AWG 90°C 600V CT NEGRO C2000;85;M;D10707;PARQUE INDUSTRIAL;PDF convertido a CSV V205
72;5;2395012;C. AL S8000 LSHF # 2 AWG 90°C 600V CT NEGRO C2000;89;M;D10707;PARQUE INDUSTRIAL;PDF convertido a CSV V205
73;5;2395013;C. AL S8000 LSHF # 1/0 AWG 90°C 600V CT NEGRO ZCORTAS;65;M;C20707;PARQUE INDUSTRIAL;PDF convertido a CSV V205
